id;username;email;phone_number;first_name;last_name;date_of_birth;id_number;nationality;profile_image;is_verified;is_active;created_at;last_login_at
1;furthermore;"H.<@d#H.)gb2";hmph opposite suspiciously;Jermaine;Padberg;2025-09-14;present;cripple lawful;ack that;true;true;2025-09-14T12:36:40;2025-09-13T19:13:17
2;besides what;":ce@8|/.18]";qua oxidise;Kayley;Kiehn;2025-09-13;potentially midst boring;searchingly private cruelly;mountain horst;false;false;2025-09-14T07:41:37;2025-09-13T21:27:47
3;and commonly which;"5BEV@pCv5~3.C,V_F";amount important haircut;Zackary;Dibbert;2025-09-14;irritably excluding;frizzy imaginative deploy;obtrude;false;true;2025-09-14T01:10:51;2025-09-13T15:07:28
4;hmph cap fondly;"eN(@%r.^VC?87";ha blue drat;Christop;Franecki;2025-09-14;matter hubris;though usefully spear;yowza on dandelion;true;false;2025-09-14T06:35:10;2025-09-14T11:49:31
5;rapidly giggle mythology;"$@g&kY.q8(_KP";which;Daryl;Cruickshank-Luettgen;2025-09-14;rejigger;bitterly jaywalk;er;true;false;2025-09-13T15:07:42;2025-09-13T15:28:18
6;swerve mysterious;"c-@-HyKH.67";monthly hm;Hester;Leffler;2025-09-13;well woot iterate;frenetically;mortally upon;true;true;2025-09-13T20:22:40;2025-09-14T06:18:55
7;gah;",l,v@]fhM0.DQ]nj";blah sneak frenetically;Herminio;Kerluke;2025-09-14;embarrassment;however;even e-mail;true;true;2025-09-14T12:58:30;2025-09-14T10:36:33
8;monumental certify;"?T^@UY#b.V68|E";than reward fencing;Jerome;Hilpert;2025-09-14;yahoo;bah beard misspend;bracelet;true;false;2025-09-14T10:40:02;2025-09-14T12:03:54
9;ameliorate manipulate ring;"g7@..%V-vv";sundae among whether;Manuela;Ullrich;2025-09-14;provided throughout;yet hence;phew across;false;false;2025-09-13T15:51:31;2025-09-13T17:21:46
10;elementary after incidentally;"#]R@b+m=5.o:";kowtow beneath notwithstanding;Leonardo;Wiegand-Feest;2025-09-13;rudely;adolescent;woot;true;false;2025-09-14T02:45:26;2025-09-13T18:32:38
